{
  "test_name": "",
  "timestamp": "2026-01-24T16:33:43.108961",
  "ground_truth_cm": 150.0,
  "measured_depth_cm": 151.1313991463393,
  "std_dev_cm": 0.167113468647603,
  "absolute_error_cm": 1.1313991463393052,
  "relative_error_pct": 0.7542660975595368,
  "l1_loss_mae_cm": 1.131399146339315,
  "l2_loss_rmse_cm": 1.1436743154153473,
  "min_depth_cm": 150.71649715864913,
  "max_depth_cm": 151.57897509640432,
  "num_samples": 100,
  "raw_measurements_cm": [
    151.0769871757715,
    151.05375717466814,
    151.10618903171488,
    151.13488717852158,
    151.3345741013889,
    150.90371753857875,
    150.97802717107115,
    151.10096736894891,
    150.93987716925912,
    151.24722718385746,
    151.3292871877551,
    151.01590717287036,
    151.00780795256367,
    151.12980717828032,
    150.89895706230502,
    151.11760717770085,
    151.0640471751569,
    151.24799198237363,
    151.17335451508217,
    151.22987718303338,
    150.99896717206576,
    150.92620764880195,
    150.99057717166724,
    151.06253342771026,
    150.94831716966,
    151.08158980904335,
    150.91288716797717,
    151.03029717355386,
    151.10645717717125,
    150.71649715864913,
    151.27511469593313,
    150.89339716705143,
    151.21189718217937,
    151.57897509640432,
    151.27535718519357,
    151.23801238550064,
    151.13433747758523,
    150.85871716540422,
    151.01116717264523,
    151.4029471912538,
    151.21279718222215,
    150.9103171678551,
    151.13394717847694,
    151.20210718171438,
    151.20555718187825,
    151.09800677668986,
    150.95625717003713,
    151.16504970121488,
    151.48744593914162,
    151.17213439301202,
    151.00461717233412,
    151.17607718047802,
    151.00044717213606,
    151.04876204991845,
    151.08955717636854,
    151.32799718769382,
    151.1338071784703,
    151.51707719667465,
    151.38906719059452,
    151.32870005701415,
    150.97714717102934,
    151.20548718187493,
    151.18271718079342,
    151.34273718839395,
    151.02138786347587,
    150.97081717072868,
    150.99827699901567,
    151.11283102462812,
    151.0861457900679,
    150.99039717165869,
    151.31554718710248,
    151.19671685242545,
    150.98849602045328,
    150.76681720405213,
    151.15665284412188,
    151.33084027113722,
    151.09486717662074,
    151.3371971881308,
    151.07956717589403,
    151.2888571858348,
    151.09223717649584,
    150.95713717007894,
    151.107757177233,
    151.2392971834808,
    151.18273545362155,
    151.1221071779146,
    151.2760671852273,
    150.90502716760383,
    151.54407719795708,
    151.19343718130258,
    150.99754717199832,
    151.13846717869163,
    151.0440571742074,
    151.49454719560453,
    150.96714717055437,
    151.19616718143226,
    151.3506771887711,
    150.98085717120557,
    151.3365671881009,
    151.26565718473285
  ]
}