{
  "test_name": "dist_100.0cm",
  "timestamp": "2026-01-24T14:13:22.460130",
  "ground_truth_cm": 100.0,
  "measured_depth_cm": 100.78267268691987,
  "std_dev_cm": 0.039074728298883116,
  "absolute_error_cm": 0.7826726869198666,
  "relative_error_pct": 0.7826726869198666,
  "l1_loss_mae_cm": 0.7826726869198615,
  "l2_loss_rmse_cm": 0.7836474776594301,
  "min_depth_cm": 100.68612478233408,
  "max_depth_cm": 100.86969479105319,
  "num_samples": 100,
  "raw_measurements_cm": [
    100.71527478371863,
    100.85055479014409,
    100.81167478829738,
    100.8095947881986,
    100.79601478755357,
    100.81841478861753,
    100.74132478495595,
    100.78480478702112,
    100.7700747863215,
    100.86263479071786,
    100.78695478712325,
    100.74411478508847,
    100.84923479008138,
    100.7948847874999,
    100.79085478730849,
    100.76029478585697,
    100.77341478648015,
    100.71913478390198,
    100.7761447866098,
    100.72748478429858,
    100.75349478553399,
    100.77204478641507,
    100.77711478665587,
    100.81972478867974,
    100.75573478564037,
    100.80489478797536,
    100.81371478839426,
    100.76136478590779,
    100.8079147881188,
    100.81756478857716,
    100.73592478469946,
    100.73592478469946,
    100.78389478697791,
    100.68832478243857,
    100.83122478922597,
    100.76198478593723,
    100.76753478620084,
    100.86969479105319,
    100.84720478998497,
    100.74230478500247,
    100.80974478820572,
    100.76182478592963,
    100.78100478684064,
    100.7691147862759,
    100.75389478555299,
    100.83006478917088,
    100.81285478835342,
    100.77865478672902,
    100.75831478576292,
    100.73720478476025,
    100.82123478875147,
    100.82231478880277,
    100.7601947858522,
    100.80514478798723,
    100.84255478976412,
    100.82356478886214,
    100.78923478723154,
    100.75614478565986,
    100.79373478744529,
    100.76766478620702,
    100.73638478472131,
    100.8452747898933,
    100.7685147862474,
    100.71398478365737,
    100.71335478362744,
    100.78040478681214,
    100.78917478722869,
    100.73457478463533,
    100.78986478726146,
    100.83991478963871,
    100.77507478655899,
    100.82782478906446,
    100.68612478233408,
    100.78678478711518,
    100.73175478450138,
    100.72202478403925,
    100.74062478492269,
    100.81787478859188,
    100.82050478871678,
    100.81168478829787,
    100.78591478707386,
    100.79529478751938,
    100.83825478955988,
    100.78205478689051,
    100.78990478726337,
    100.84833479003865,
    100.79706478760345,
    100.77384478650056,
    100.75409478556247,
    100.7097347834555,
    100.79034478728425,
    100.79259478739114,
    100.8079147881188,
    100.80105478779295,
    100.80133478780627,
    100.75372478554492,
    100.78430478699738,
    100.74387478507707,
    100.76839478624169,
    100.81256478833967
  ]
}