{
  "test_name": "dist_150.0cm",
  "timestamp": "2026-01-24T14:59:07.857140",
  "ground_truth_cm": 150.0,
  "measured_depth_cm": 150.75136916519017,
  "std_dev_cm": 0.14324076083811105,
  "absolute_error_cm": 0.7513691651901695,
  "relative_error_pct": 0.5009127767934463,
  "l1_loss_mae_cm": 0.7513691651901436,
  "l2_loss_rmse_cm": 0.7649009987992005,
  "min_depth_cm": 150.36689714204402,
  "max_depth_cm": 151.05616717478262,
  "num_samples": 100,
  "raw_measurements_cm": [
    150.6945371576061,
    150.71066715837222,
    150.76136716078034,
    150.67069422518048,
    150.68337715707602,
    150.72655715912697,
    150.54982715073274,
    150.58717715250677,
    151.0531271746382,
    150.76933409385202,
    150.76933409385202,
    150.54206715036415,
    150.56884715163613,
    150.494987148128,
    150.63090715458384,
    150.75992716071195,
    150.78165716174408,
    150.9320571688877,
    150.87660482601984,
    150.67175433124146,
    150.9221871684189,
    150.71429001511564,
    150.66355715613463,
    150.88900716684293,
    150.69743715774385,
    150.66690053496916,
    150.6817871570005,
    150.6882636342512,
    150.73420715949032,
    150.87097426269608,
    150.8831071665627,
    150.63669449232623,
    150.77171433198887,
    150.7987871625577,
    151.05616717478262,
    150.58897715259226,
    150.72928715925664,
    150.82881716398407,
    150.71780715871137,
    150.85279716512306,
    150.750117160246,
    151.03686717386591,
    150.83578716431512,
    150.9000371673668,
    150.6610471560154,
    151.01929717303136,
    150.90910716779763,
    150.54361715043777,
    150.88119716647196,
    150.76718387872842,
    150.75126716030064,
    150.76623716101167,
    150.49193714798312,
    150.73326381077578,
    150.8030271627591,
    150.70631778922876,
    150.41281714422513,
    150.92145931359883,
    150.6663771562686,
    150.70267715799272,
    150.60815715350327,
    151.01339717275113,
    150.98406398272016,
    150.69044715741185,
    150.70034715788205,
    150.73219715939484,
    150.71941715878782,
    150.6936171575624,
    150.81754716344878,
    150.99553717190284,
    150.89837716728798,
    150.69121539909665,
    150.98051717118943,
    150.69791715776662,
    150.767297161062,
    150.6580871558748,
    150.81755945004997,
    150.36689714204402,
    150.76313716086443,
    150.95889717016254,
    150.67190715653123,
    150.77221716129569,
    150.61604715387801,
    150.76804716109763,
    150.3956071434077,
    150.86174716554814,
    150.68663715723088,
    150.81703886659494,
    150.8224071636796,
    150.71818715872942,
    150.69072715742513,
    150.99184717172758,
    150.64654715532672,
    150.9332471689442,
    150.70929715830715,
    150.67308715658726,
    150.52985013408232,
    150.86182716555194,
    150.9111593983412,
    150.61763715395355
  ]
}