{
  "test_name": "dist_50.0cm",
  "timestamp": "2026-01-24T14:57:04.265585",
  "ground_truth_cm": 50.0,
  "measured_depth_cm": 50.444387795979736,
  "std_dev_cm": 0.010573318658773473,
  "absolute_error_cm": 0.4443877959797362,
  "relative_error_pct": 0.8887755919594724,
  "l1_loss_mae_cm": 0.44438779597973876,
  "l2_loss_rmse_cm": 0.4445135636661606,
  "min_depth_cm": 50.420822394860444,
  "max_depth_cm": 50.47261239732034,
  "num_samples": 100,
  "raw_measurements_cm": [
    50.442042395868334,
    50.44314239592058,
    50.43275239542708,
    50.43442239550641,
    50.43280239542946,
    50.44138239583699,
    50.43526239554631,
    50.445322396024125,
    50.43974239575909,
    50.4376223956584,
    50.441342395835086,
    50.449862396239766,
    50.43000239529647,
    50.4301923953055,
    50.434462395508305,
    50.44024239578284,
    50.433532395464134,
    50.44293239591061,
    50.44545239603031,
    50.45534239650006,
    50.443932395958115,
    50.446152396063546,
    50.43698239562801,
    50.43822239568689,
    50.448152396158555,
    50.43568239556625,
    50.43655239560758,
    50.43660239560995,
    50.44658239608397,
    50.443702395947184,
    50.435912395577176,
    50.441952395864064,
    50.43982239576289,
    50.437032395630375,
    50.44092239581515,
    50.43174239537912,
    50.43321239544893,
    50.44346239593579,
    50.44550239603268,
    50.43883239571587,
    50.43442239550641,
    50.43600239558146,
    50.43147239536629,
    50.44849239617469,
    50.420822394860444,
    50.43740239564794,
    50.432532395416644,
    50.44231239588116,
    50.43772239566315,
    50.446092396060706,
    50.431822395382916,
    50.44061239580042,
    50.42489239505375,
    50.454292396450185,
    50.44050239579519,
    50.42630239512073,
    50.43236239540856,
    50.436442395602356,
    50.439102395728696,
    50.44847239617375,
    50.43813239568262,
    50.44141239583841,
    50.437322395644145,
    50.431302395358216,
    50.454062396439255,
    50.44732239611912,
    50.45260239636992,
    50.451572396320984,
    50.43188239538576,
    50.45206239634427,
    50.456042396533306,
    50.45003239624785,
    50.44383239595336,
    50.44898239619797,
    50.45307239639224,
    50.44310239591868,
    50.449002396198914,
    50.464332396927055,
    50.46050239674514,
    50.460662396752745,
    50.453162396396515,
    50.45431239645113,
    50.46195239681401,
    50.453562396415506,
    50.449122396204615,
    50.46656239703297,
    50.459102396678645,
    50.45112239629962,
    50.44890239619417,
    50.457352396595525,
    50.440312395786165,
    50.449052396201296,
    50.45750239660265,
    50.46782239709282,
    50.47261239732034,
    50.470402397215366,
    50.45638239654945,
    50.45415239644353,
    50.44593239605311,
    50.471322397259065
  ]
}