{
  "test_name": "dist_300.0cm",
  "timestamp": "2026-01-24T14:22:55.278653",
  "ground_truth_cm": 300.0,
  "measured_depth_cm": 311.2923060199239,
  "std_dev_cm": 0.7925860130209482,
  "absolute_error_cm": 11.292306019923899,
  "relative_error_pct": 3.7641020066413,
  "l1_loss_mae_cm": 11.292306019923876,
  "l2_loss_rmse_cm": 11.320086918201888,
  "min_depth_cm": 309.05319467923835,
  "max_depth_cm": 312.9413848639175,
  "num_samples": 100,
  "raw_measurements_cm": [
    311.6165748009924,
    310.0181947250734,
    311.68471480422886,
    311.89730481432633,
    311.5958248000068,
    312.3331848350295,
    310.20168473378874,
    311.91634481523073,
    312.56122484586086,
    310.97758477064195,
    312.25122483113665,
    312.3214148344705,
    312.4003648382204,
    311.08319477565817,
    311.75640480763394,
    311.0364047734358,
    310.06457472727635,
    310.68082475654666,
    311.05449477429505,
    310.35595474111614,
    312.2629548316938,
    311.3027247860853,
    310.53005474938544,
    311.32197478699965,
    311.2397747830953,
    310.06291101682626,
    311.2521847836848,
    312.10557482421865,
    311.7481248072407,
    310.5836547519313,
    311.47420479423016,
    311.46643479386114,
    312.27923483246707,
    311.19865478114224,
    311.64656480241683,
    311.3380947877653,
    311.1954047809879,
    310.46591474633897,
    310.758604760241,
    310.9429747689981,
    312.2885348329088,
    311.2966647857975,
    310.48478474723527,
    310.461480892743,
    311.7570148076629,
    310.94174476893966,
    310.99428477143516,
    310.057324726932,
    311.92131481546676,
    311.4856347947731,
    312.44289484024046,
    311.2483347835019,
    309.05319467923835,
    312.1351348256227,
    311.8608048125927,
    310.87919476596875,
    311.17459477999944,
    312.7652548555518,
    309.83077471617145,
    311.84079889005034,
    312.7433348545106,
    311.90420481465407,
    309.92534472066325,
    310.697464757337,
    312.8417948591872,
    312.1643948270124,
    311.1479747787351,
    312.02294482029396,
    311.17738478013194,
    311.1149562713162,
    310.83171476371353,
    310.9619647699001,
    311.60019480021435,
    310.7119847580267,
    311.44516479285085,
    311.20097478125246,
    311.05370477425754,
    310.28941473795567,
    311.12720477774855,
    311.18053478028156,
    311.0071247720451,
    310.41981474414933,
    311.37196478937403,
    312.1601648268115,
    312.4356548398966,
    310.4298147446243,
    312.85426028432175,
    312.9413848639175,
    311.21037478169893,
    310.62571475392906,
    311.0810447755561,
    310.9497647693206,
    310.1001147289644,
    310.16071473184275,
    311.61034480069645,
    311.0278047730273,
    312.30758483381356,
    309.92013472041583,
    311.8468548119301,
    310.72402475859855
  ]
}