{
  "test_name": "dist_200.0cm",
  "timestamp": "2026-01-24T14:17:21.234386",
  "ground_truth_cm": 200.0,
  "measured_depth_cm": 203.70768926677349,
  "std_dev_cm": 0.417440977868505,
  "absolute_error_cm": 3.7076892667734853,
  "relative_error_pct": 1.8538446333867427,
  "l1_loss_mae_cm": 3.7076892667734707,
  "l2_loss_rmse_cm": 3.7311146684269847,
  "min_depth_cm": 202.8276651649029,
  "max_depth_cm": 204.60833304770563,
  "num_samples": 100,
  "raw_measurements_cm": [
    203.86073182729362,
    203.95365479042275,
    202.96117799064336,
    203.82860540048262,
    203.4887496651965,
    204.30093979678276,
    202.86780963570345,
    204.15034969662082,
    203.53143280953807,
    203.36243329464997,
    203.88493968401457,
    202.95206484522592,
    203.42013966193772,
    203.6842396744818,
    204.02526969067986,
    204.21529122785822,
    204.1178296950762,
    203.81713653153435,
    202.8276651649029,
    203.32313965733047,
    203.64851362555183,
    203.19311896208592,
    203.66324967348484,
    202.97558475584552,
    203.58752467589048,
    203.7667097084259,
    203.62938967187657,
    203.57049966907942,
    204.2156496997224,
    203.50455966594745,
    203.98806491100157,
    203.01746662560492,
    203.98717968887067,
    203.33429965786053,
    204.24834970127557,
    203.26705635933712,
    203.65610894263432,
    204.15837969700226,
    204.17796647199702,
    203.86880408044675,
    204.08951654578703,
    204.19802930280628,
    204.10544023754204,
    204.02591005085432,
    204.33587970543306,
    203.10937245601974,
    204.30980068329228,
    204.00270995963533,
    203.87624968360177,
    203.62895967185614,
    204.4825127135982,
    203.11441973447774,
    203.65939561189563,
    203.8221040999138,
    203.1535564226624,
    204.07750969316112,
    203.61071074109637,
    203.6193954871466,
    203.58302778235338,
    203.4278952394215,
    203.4076734932616,
    202.94768963949755,
    203.46500616371875,
    204.26882034544084,
    203.45872553535762,
    203.55280494776693,
    204.07724831245835,
    204.47079802716743,
    203.63381305242467,
    203.79273967963525,
    203.64929431514315,
    203.6301877787786,
    203.8729342683613,
    204.1420022940037,
    203.8686802844226,
    204.60833304770563,
    203.14868938499174,
    203.68889967570402,
    203.6528802471071,
    204.016521248355,
    204.35504722510282,
    203.1091278535512,
    203.42372914990335,
    203.8357996816805,
    203.61603088609246,
    203.81200087967005,
    204.45220493048012,
    203.70037989738168,
    203.3275124078132,
    203.69326562848266,
    203.75961756042676,
    203.54208966773,
    203.78076967906674,
    203.11035171563728,
    203.12135605166745,
    203.36339965924273,
    203.0036600071925,
    203.65496462804623,
    204.08476444826044,
    204.40464017174529
  ]
}