{
  "test_name": "dist_250.0cm",
  "timestamp": "2026-01-24T15:06:50.694137",
  "ground_truth_cm": 250.0,
  "measured_depth_cm": 249.00583834251276,
  "std_dev_cm": 0.5752693458174067,
  "absolute_error_cm": -0.9941616574872398,
  "relative_error_pct": -0.39766466299489595,
  "l1_loss_mae_cm": 1.0218154705358706,
  "l2_loss_rmse_cm": 1.1486044669314737,
  "min_depth_cm": 247.76742176832047,
  "max_depth_cm": 250.73090499838733,
  "num_samples": 100,
  "raw_measurements_cm": [
    249.18383183559632,
    249.01697182767094,
    249.48004184966555,
    248.7731191268196,
    248.6304218093108,
    248.59031180740567,
    248.42669179963414,
    249.48347184982848,
    248.8811161525175,
    248.56127180602635,
    248.97225182554683,
    249.35731757440954,
    247.9086717750295,
    248.7880706226793,
    249.50262185073808,
    249.3219918421586,
    248.7689218158892,
    248.84740655909096,
    248.31464179431205,
    249.28553184042684,
    249.375181844685,
    248.54071587545704,
    249.23118495515726,
    250.00798187474138,
    248.74629107066545,
    248.69544181239908,
    249.93650187134628,
    249.1124918322079,
    247.99611177918268,
    248.72113237389945,
    247.76742176832047,
    248.12636178536926,
    249.08626183096203,
    248.8668318205397,
    249.13380183322005,
    249.35966184394783,
    249.09783161348975,
    249.33375184271716,
    249.22543946586111,
    249.264501839428,
    250.73090499838733,
    247.99397177908102,
    248.9580534331941,
    248.41075179887704,
    248.45972180120296,
    248.67001181119122,
    249.55078185302554,
    249.10579183188966,
    249.35350184365524,
    249.65452185795294,
    248.82262407966604,
    248.88303182130912,
    248.28175179274984,
    248.20878178928396,
    248.98479182614247,
    248.53412180473677,
    249.51817185147664,
    249.20874270986687,
    248.10330178427392,
    248.72111181361834,
    249.82290186595054,
    249.6472518576076,
    248.5608918060083,
    249.47570184945943,
    248.33479179526913,
    248.60778180823547,
    249.5386518524494,
    249.29595062255618,
    248.31195179418427,
    249.11094183213427,
    250.35301189112943,
    249.19181183597541,
    249.81452186555254,
    248.64274180989594,
    250.29079188817414,
    249.77604186372483,
    248.74535181476966,
    249.89752186949482,
    249.6591218581714,
    248.5399918050156,
    248.3795677085781,
    249.03234182840097,
    248.8253818185709,
    248.15197178658565,
    248.50776180348478,
    248.29802179352262,
    248.73083181408,
    248.59957180784548,
    249.8581076772037,
    248.560611805995,
    248.8635681760202,
    249.607951855741,
    248.9856618261838,
    248.4998018031067,
    248.98036182593205,
    249.72896475677834,
    248.69219181224472,
    249.82267186593964,
    249.37363184461137,
    249.59311047476
  ]
}