{
  "test_name": "dist_200.0cm",
  "timestamp": "2026-01-24T15:01:17.383233",
  "ground_truth_cm": 200.0,
  "measured_depth_cm": 202.19851369773306,
  "std_dev_cm": 0.46274765435743265,
  "absolute_error_cm": 2.1985136977330626,
  "relative_error_pct": 1.0992568488665313,
  "l1_loss_mae_cm": 2.198513697733128,
  "l2_loss_rmse_cm": 2.246685975104998,
  "min_depth_cm": 201.05679522825275,
  "max_depth_cm": 203.39061778215984,
  "num_samples": 100,
  "raw_measurements_cm": [
    201.05679522825275,
    202.07896328434109,
    201.41988950690092,
    202.30545960899326,
    202.8672296356759,
    201.57819957445025,
    203.20355248591778,
    202.22122596990184,
    202.34194961072643,
    202.01391376639694,
    202.12989856734458,
    201.87340426740752,
    202.58648962234145,
    201.641439577454,
    202.0997695752211,
    202.88641691804355,
    201.88707958912127,
    202.03741959626203,
    201.75467504937905,
    201.28243428782037,
    202.43668996360958,
    202.80682031387474,
    201.56573614651558,
    203.03304294688195,
    202.4850391381873,
    202.0875258535184,
    202.6537157373681,
    202.36912034523695,
    202.6169713199589,
    201.63762957727306,
    203.0273096432793,
    202.99599924075204,
    202.8034196326451,
    201.90579959001042,
    201.8863768625426,
    202.46579250805436,
    202.86409245209023,
    202.31089069736004,
    202.60797041944136,
    201.99031959402492,
    202.48279961741648,
    202.1653796023398,
    202.22364433205263,
    202.1459996014193,
    202.12507461342804,
    202.01062065609526,
    202.10694098584136,
    201.89372770487165,
    202.06363504768728,
    202.14181796289304,
    202.53086961969967,
    202.08761959864643,
    201.65562957812799,
    202.21180960454515,
    202.73990159721845,
    201.76105958313565,
    201.9805776503679,
    202.2958091884929,
    201.81291958559888,
    201.5372007298501,
    202.45825544083314,
    202.1030402055001,
    202.09794939311644,
    202.63993962488024,
    201.92859244937887,
    202.21551891030467,
    201.99158959408524,
    202.3141410225469,
    202.1022998283666,
    202.46857961674104,
    202.36656961189584,
    202.4013296135468,
    202.14219960123881,
    202.15266539847497,
    201.97380173088163,
    201.59269884406586,
    203.12091591960692,
    202.88895963670802,
    201.65692096046575,
    201.9410595916852,
    202.01881147556625,
    202.610839623498,
    202.29966957471484,
    202.0116142368931,
    202.16325592687144,
    201.071295193195,
    203.39061778215984,
    201.94000959163532,
    202.08488506115532,
    203.09871951765817,
    201.57640957436524,
    202.707011028346,
    202.81581595576287,
    202.12853530573085,
    201.9599095925805,
    201.58544374846383,
    201.8719767851236,
    201.92451449187953,
    202.6019098130929,
    201.6435939359922
  ]
}