{
  "test_name": "dist_100.0cm",
  "timestamp": "2026-01-24T14:58:18.152982",
  "ground_truth_cm": 100.0,
  "measured_depth_cm": 100.80503148798185,
  "std_dev_cm": 0.039998478497192014,
  "absolute_error_cm": 0.8050314879818501,
  "relative_error_pct": 0.8050314879818501,
  "l1_loss_mae_cm": 0.8050314879818454,
  "l2_loss_rmse_cm": 0.8060245498273327,
  "min_depth_cm": 100.67641478187288,
  "max_depth_cm": 100.90741479284479,
  "num_samples": 100,
  "raw_measurements_cm": [
    100.73409478461252,
    100.82023478870397,
    100.7888547872135,
    100.83263478929294,
    100.79504478750752,
    100.8232647888479,
    100.82753478905069,
    100.67641478187288,
    100.77517478656372,
    100.85042479013791,
    100.83980478963348,
    100.78874478720827,
    100.77303478646209,
    100.86373479077011,
    100.8109147882613,
    100.77798478669719,
    100.81849478862132,
    100.83588478944729,
    100.85270479024622,
    100.77543478657608,
    100.76269478597095,
    100.8143047884223,
    100.76125478590257,
    100.74099478494027,
    100.78847478719544,
    100.86499479082995,
    100.78118478684918,
    100.77488478654995,
    100.79759478762863,
    100.81297478835913,
    100.87082479110686,
    100.76179478592822,
    100.77717478665873,
    100.76265478596906,
    100.76870478625641,
    100.81533478847122,
    100.85665479043382,
    100.78511478703585,
    100.89383479219978,
    100.8049147879763,
    100.78044478681404,
    100.79620478756259,
    100.78282478692708,
    100.78085478683352,
    100.8458347899199,
    100.82836478909012,
    100.76546478610253,
    100.78264478691854,
    100.88997479201645,
    100.77002478631911,
    100.82627478899084,
    100.80546478800242,
    100.80892478816676,
    100.77082478635711,
    100.80490478797583,
    100.83385478935088,
    100.7558847856475,
    100.90434479269899,
    100.78777478716219,
    100.77168478639797,
    100.81220478832256,
    100.80905478817294,
    100.78468478701544,
    100.81011478822329,
    100.8452747898933,
    100.86959479104844,
    100.8181847886066,
    100.83988478963728,
    100.85110479017021,
    100.87674479138803,
    100.74161478496973,
    100.8523147902277,
    100.75926478580806,
    100.75032478538341,
    100.80790478811832,
    100.84532478989567,
    100.78183478688005,
    100.79619478756211,
    100.86926479103278,
    100.74298478503478,
    100.79034478728425,
    100.79726478761295,
    100.81550478847929,
    100.80246478785992,
    100.76291478598141,
    100.7916047873441,
    100.8195447886712,
    100.78620478708761,
    100.7953247875208,
    100.82028478870635,
    100.81312478836625,
    100.82726478903787,
    100.79913478770177,
    100.77739478666918,
    100.74370478506897,
    100.82710478903027,
    100.83019478917703,
    100.77935478676227,
    100.80376478792168,
    100.90741479284479
  ]
}