{
  "test_name": "",
  "timestamp": "2026-01-24T16:32:44.732531",
  "ground_truth_cm": 150.0,
  "measured_depth_cm": 151.18695179073006,
  "std_dev_cm": 0.21459637614823665,
  "absolute_error_cm": 1.1869517907300633,
  "relative_error_pct": 0.7913011938200422,
  "l1_loss_mae_cm": 1.1869517907300409,
  "l2_loss_rmse_cm": 1.2061949088655641,
  "min_depth_cm": 150.72574715908848,
  "max_depth_cm": 151.87001721343842,
  "num_samples": 100,
  "raw_measurements_cm": [
    151.36859718962222,
    150.78411716186093,
    151.476177194732,
    151.56963719917113,
    151.20108718166594,
    151.29874706029193,
    151.2017871816992,
    150.9042071675649,
    151.08629717621372,
    151.38154719023734,
    151.36715718955384,
    151.41043719160953,
    151.53816719767636,
    151.0214871731354,
    151.5366371976037,
    150.97943717113813,
    151.03145717360894,
    151.15923717967817,
    151.52052924904385,
    151.1903171811544,
    151.009247172554,
    151.24922718395246,
    151.40449719132738,
    151.2040671818075,
    151.28618718570797,
    151.19774718150728,
    151.0974471767433,
    150.86255716558662,
    151.32779718768435,
    150.91792716821655,
    150.79939710158058,
    150.9079971677449,
    151.0035071722814,
    151.47204719453583,
    151.17526718043953,
    151.0044171723246,
    151.0353471737937,
    151.13665717860567,
    151.04028717402835,
    151.4936871955637,
    150.98812717155087,
    150.94928716970608,
    151.42536719231867,
    151.08895717634005,
    151.23528718329035,
    151.21546872850365,
    151.2659137754041,
    151.58767720002797,
    151.38471719038787,
    150.94192136077535,
    151.29395718607702,
    151.0974071767414,
    151.00473717233982,
    151.30997718683795,
    150.79154716221385,
    151.20906718204498,
    151.04640181378272,
    150.85668716530782,
    151.04952717446722,
    151.87001721343842,
    151.032027173636,
    151.2658371847414,
    150.89476716711653,
    151.17963718064712,
    151.23916718347462,
    151.31359718700986,
    151.4158071918646,
    151.35275718886987,
    151.27819718532848,
    151.09563717665733,
    151.07614478949287,
    150.8851071666577,
    151.11863717774975,
    151.41241719170358,
    151.3679271895904,
    151.6062972009124,
    150.72574715908848,
    151.26310718461173,
    151.2031671817647,
    151.1813571807288,
    150.83661716435455,
    151.26234718457562,
    151.19089718118192,
    151.15448717945256,
    151.2740971851337,
    151.35301779100269,
    150.84093716455973,
    151.30122718642235,
    151.2011771816702,
    151.04092717405874,
    151.2339471832267,
    151.46294719410363,
    151.0744371756504,
    151.12538717807038,
    151.02460717328358,
    151.0109771726362,
    151.0488471744349,
    151.32866718772567,
    151.28822718580486,
    151.46963111920604
  ]
}