{
  "test_name": "",
  "timestamp": "2026-01-24T16:31:15.836087",
  "ground_truth_cm": 150.0,
  "measured_depth_cm": 151.15095957928497,
  "std_dev_cm": 0.3110353195769388,
  "absolute_error_cm": 1.1509595792849723,
  "relative_error_pct": 0.7673063861899815,
  "l1_loss_mae_cm": 1.1509595792849996,
  "l2_loss_rmse_cm": 1.1922461671870588,
  "min_depth_cm": 150.428247144958,
  "max_depth_cm": 151.77213720878936,
  "num_samples": 100,
  "raw_measurements_cm": [
    151.61279720122113,
    151.38876719058027,
    151.21650718239835,
    150.86238716557853,
    150.93444716900123,
    150.428247144958,
    150.7837671618443,
    151.07557717570452,
    151.45117719354457,
    151.05227717459783,
    151.24671718383325,
    151.38884719058404,
    151.0057371723873,
    151.34104718831367,
    151.0575671748491,
    150.76288716085256,
    150.9178371682123,
    151.2478571838874,
    151.43335719269817,
    150.86889716588777,
    150.75503716047967,
    151.4456971932843,
    151.521527196886,
    150.73878715970784,
    151.17036718020682,
    150.59010715264594,
    151.38301719030716,
    151.20230718172388,
    150.75125716030016,
    151.1671371800534,
    151.19956718159372,
    150.8875371667731,
    151.77213720878936,
    150.8243171637703,
    151.37414718988583,
    151.17109718024147,
    150.93168716887013,
    150.7613471607794,
    151.33478718801635,
    151.40459719133216,
    151.20662718192906,
    150.88260716653895,
    151.3013571864285,
    150.6044371533266,
    151.66526720371328,
    151.30925718680373,
    151.59307720028445,
    151.7318872068776,
    151.17035718020634,
    151.03276717367115,
    151.1997871816042,
    151.20929718205588,
    151.178477180592,
    150.92128716837613,
    151.32479718754183,
    150.90632716766558,
    151.07508717568126,
    151.4809671949595,
    151.0265671733767,
    150.73447715950314,
    150.91198716793443,
    150.5484471506672,
    151.75195720783086,
    151.00711717245287,
    151.00987717258394,
    151.1436871789396,
    151.5998172006046,
    151.43407719273236,
    150.86236716557758,
    151.51951719679056,
    151.50017719587194,
    150.88921716685292,
    150.75390716042602,
    151.01585717286798,
    151.53066719732013,
    151.4858071951894,
    151.0826971760427,
    151.25573718426168,
    151.0188871730119,
    150.83252716416027,
    151.3209671873599,
    150.83101716408856,
    151.5088271962828,
    150.62937715451116,
    150.92021716832534,
    151.147717179131,
    150.81396716327873,
    150.84702716484898,
    151.5486671981751,
    150.96052717023994,
    151.6390572024684,
    151.60467720083543,
    151.0308771735814,
    151.4530771936348,
    151.1415171788365,
    150.76807716109906,
    151.2494571839634,
    151.15816717962733,
    151.67214720404007,
    151.678377204336
  ]
}