{
  "depth": {
    "width": 1280,
    "height": 720,
    "fx": 910.6378784179688,
    "fy": 909.8695068359375,
    "cx": 638.194580078125,
    "cy": 355.7898254394531,
    "distortion_model": "distortion.inverse_brown_conrady",
    "distortion_coeffs": [
      0.0,
      0.0,
      0.0,
      0.0,
      0.0
    ]
  },
  "color": {
    "width": 1280,
    "height": 720,
    "fx": 910.6378784179688,
    "fy": 909.8695068359375,
    "cx": 638.194580078125,
    "cy": 355.7898254394531,
    "distortion_model": "distortion.inverse_brown_conrady",
    "distortion_coeffs": [
      0.0,
      0.0,
      0.0,
      0.0,
      0.0
    ]
  },
  "depth_scale": 0.0010000000474974513
}