{
  "timestamp": "2026-02-01T18:35:36.147715",
  "camera_height_m": 2.238000106299296,
  "horizontal_fov_deg": 70.17819042606365,
  "vertical_fov_deg": 43.1797040917252,
  "horizontal_coverage_m": 3.144513128088096,
  "vertical_coverage_m": 1.7712568746522146,
  "coverage_area_m2": 5.56974049556018
}